{"cameraMode":{"drawMode":0,"name":"Shaded","section":"Shading Mode"},"sceneLighting":true,"audioPlay":false,"sceneViewState":{"showFog":true,"showMaterialUpdate":false,"showSkybox":true,"showFlares":true,"showImageEffects":true,"showParticleSystems":true},"in2DMode":false,"pivot":{"x":711.8922729492188,"y":-77.3984375,"z":722.243408203125},"rotation":{"x":-0.054292283952236179,"y":-0.3865508437156677,"z":0.022653358057141305,"w":-0.920451819896698},"size":1059.438232421875,"orthographic":false}